2023-08-01T13:34:42.762940800,/project/projects,GET,status_:200,
2023-08-01T13:34:43.816844900,/project,GET,status_:200,
2023-08-01T13:34:43.828842700,/configuration/connectors,GET,status_:200,
2023-08-01T13:34:43.830843800,/project,GET,status_:200,
2023-08-01T13:42:28.412286100,/project/projects,GET,status_:200,
2023-08-01T13:42:30.909279100,/project/findById/aa,GET,status_:200,
2023-08-01T13:42:32.558396600,/project/projects,GET,status_:200,
2023-08-01T13:42:34.609556500,/project/findById/Formation2,GET,status_:200,
2023-08-01T13:42:37.147486700,/project/projects,GET,status_:200,
2023-08-01T13:43:43.981374600,/project,OPTIONS,status_:200,
2023-08-01T13:43:44.369055100,/project,POST,status_:200,
2023-08-01T13:43:50.401356300,/project/projects,GET,status_:200,
2023-08-01T13:43:57.429550600,/project,GET,status_:200,
2023-08-01T13:43:57.440551500,/project,GET,status_:200,
2023-08-01T13:43:57.442549600,/configuration/connectors,GET,status_:200,
2023-08-01T13:44:07.165928900,/project/Formation,GET,status_:200,
2023-08-01T13:44:07.204928100,/project/Formation,GET,status_:200,
2023-08-01T13:44:12.055952,/project,GET,status_:200,
2023-08-01T13:44:12.085950300,/configurationJDBC/findById/connector112,GET,status_:200,
2023-08-01T13:44:16.908083200,/configurationJDBC,OPTIONS,status_:200,
2023-08-01T13:44:16.917085500,/configurationJDBC,OPTIONS,status_:200,
2023-08-01T13:44:16.944086700,/project/Formation%20keyrus,GET,status_:200,
2023-08-01T13:44:16.944086700,/project/Formation%20keyrus,GET,status_:200,
2023-08-01T13:44:17.103733800,/configurationJDBC,PUT,status_:200,
2023-08-01T13:44:17.103733800,/configurationJDBC,PUT,status_:200,
2023-08-01T13:44:20.924868200,/project,GET,status_:200,
2023-08-01T13:44:20.932870200,/configuration/connectors,GET,status_:200,
2023-08-01T13:44:20.938878800,/project,GET,status_:200,
2023-08-01T13:44:24.448672400,/project,GET,status_:200,
2023-08-01T13:44:24.460669700,/configurationJDBC/findById/connector112,GET,status_:200,
2023-08-01T13:44:26.220416300,/project,GET,status_:200,
2023-08-01T13:44:26.230416500,/project,GET,status_:200,
2023-08-01T13:44:26.230416500,/configuration/connectors,GET,status_:200,
2023-08-01T13:44:27.685149900,/project/Formation%20keyrus,GET,status_:200,
2023-08-01T13:44:27.697149300,/project/Formation%20keyrus,GET,status_:200,
2023-08-01T13:44:27.955860,/pushToProxem,PUT,200 OK,1 docs pushed
2023-08-01T13:44:35.308923,/project,GET,status_:200,
2023-08-01T13:44:35.318922300,/configurationJDBC/findById/connector112,GET,status_:200,
2023-08-01T13:44:40.474876,/project,GET,status_:200,
2023-08-01T13:44:40.480876500,/configuration/connectors,GET,status_:200,
2023-08-01T13:44:40.483877200,/project,GET,status_:200,
2023-08-01T13:44:42.392003400,/project,GET,status_:200,
2023-08-01T13:44:42.438011,/configuration/findById/connector1,GET,status_:200,
2023-08-01T13:44:46.985702300,/project/Formation2,GET,status_:200,
2023-08-01T13:44:46.999709700,/project/Formation2,GET,status_:200,
2023-08-01T13:44:47.010708700,/project/Formation2,GET,status_:200,
2023-08-01T13:44:47.020747300,/project/Formation2,GET,status_:200,
2023-08-01T13:44:47.035262500,/project/Formation2,GET,status_:200,
2023-08-01T13:44:57.442002600,/project,GET,status_:200,
2023-08-01T13:44:57.454001800,/configuration/connectors,GET,status_:200,
2023-08-01T13:44:57.454001800,/project,GET,status_:200,
2023-08-01T13:53:24.942250100,/project,GET,status_:200,
2023-08-01T13:53:24.957248500,/project,GET,status_:200,
2023-08-01T13:53:25.016254400,/configuration/connectors,GET,status_:200,
2023-08-01T13:53:27.852664800,/project/Formation2,GET,status_:200,
2023-08-01T13:53:27.872663400,/project/Formation2,GET,status_:200,
2023-08-01T13:53:27.887664600,/project/Formation2,GET,status_:200,
2023-08-01T13:53:27.903664,/project/Formation2,GET,status_:200,
2023-08-01T13:53:27.956665200,/project/Formation2,GET,status_:200,
2023-08-01T14:01:53.005239900,/project,GET,status_:200,
2023-08-01T14:01:53.021242900,/project,GET,status_:200,
2023-08-01T14:01:53.065248300,/configuration/connectors,GET,status_:200,
2023-08-01T14:01:55.346005400,/project/Formation2,GET,status_:200,
2023-08-01T14:01:55.365007800,/project/Formation2,GET,status_:200,
2023-08-01T14:01:55.379006800,/project/Formation2,GET,status_:200,
2023-08-01T14:01:55.392005600,/project/Formation2,GET,status_:200,
2023-08-01T14:01:55.427006700,/project/Formation2,GET,status_:200,
2023-08-01T14:02:52.043051200,/project,GET,status_:200,
2023-08-01T14:02:52.055054100,/project,GET,status_:200,
2023-08-01T14:02:52.058051400,/configuration/connectors,GET,status_:200,
2023-08-01T14:02:54.488053600,/project,GET,status_:200,
2023-08-01T14:02:54.498051800,/project,GET,status_:200,
2023-08-01T14:02:54.498051800,/configuration/connectors,GET,status_:200,
2023-08-01T14:02:55.783052800,/project/Formation2,GET,status_:200,
2023-08-01T14:02:55.801048600,/project/Formation2,GET,status_:200,
2023-08-01T14:02:55.815052600,/project/Formation2,GET,status_:200,
2023-08-01T14:02:55.827048,/project/Formation2,GET,status_:200,
2023-08-01T14:02:55.841051700,/project/Formation2,GET,status_:200,
2023-08-01T14:04:07.206975100,/project,GET,status_:200,
2023-08-01T14:04:07.214974200,/configuration/connectors,GET,status_:200,
2023-08-01T14:04:07.224978100,/project,GET,status_:200,
2023-08-01T14:05:00.552651300,/project,GET,status_:200,
2023-08-01T14:05:00.559652,/configuration/connectors,GET,status_:200,
2023-08-01T14:05:00.565651300,/project,GET,status_:200,
2023-08-01T14:05:01.642446100,/project/Formation2,GET,status_:200,
2023-08-01T14:05:01.658444600,/project/Formation2,GET,status_:200,
2023-08-01T14:05:01.675153900,/project/Formation2,GET,status_:200,
2023-08-01T14:05:01.689153100,/project/Formation2,GET,status_:200,
2023-08-01T14:05:01.709017800,/project/Formation2,GET,status_:200,
2023-08-01T14:05:47.775923700,/project,GET,status_:200,
2023-08-01T14:05:47.783924,/configuration/connectors,GET,status_:200,
2023-08-01T14:05:47.784925300,/project,GET,status_:200,
2023-08-01T14:06:30.436292700,/project,GET,status_:200,
2023-08-01T14:06:30.442293300,/configuration/connectors,GET,status_:200,
2023-08-01T14:06:30.444293100,/project,GET,status_:200,
2023-08-01T14:06:47.264021200,/project,GET,status_:200,
2023-08-01T14:06:47.273019300,/configuration/connectors,GET,status_:200,
2023-08-01T14:06:47.277018400,/project,GET,status_:200,
2023-08-01T14:07:44.965670600,/project,GET,status_:200,
2023-08-01T14:07:44.973668200,/configuration/connectors,GET,status_:200,
2023-08-01T14:07:44.989669900,/project,GET,status_:200,
2023-08-01T14:07:47.241737500,/project,GET,status_:200,
2023-08-01T14:07:47.252736100,/configuration/connectors,GET,status_:200,
2023-08-01T14:07:47.254739300,/project,GET,status_:200,
2023-08-01T14:08:32.031082,/project,GET,status_:200,
2023-08-01T14:08:32.039083200,/configuration/connectors,GET,status_:200,
2023-08-01T14:08:32.045082700,/project,GET,status_:200,
2023-08-01T14:08:33.958960800,/project,GET,status_:200,
2023-08-01T14:08:33.965960200,/configuration/connectors,GET,status_:200,
2023-08-01T14:08:33.966960600,/project,GET,status_:200,
2023-08-01T14:08:35.878386,/project,GET,status_:200,
2023-08-01T14:08:35.885387500,/configuration/connectors,GET,status_:200,
2023-08-01T14:08:35.888387500,/project,GET,status_:200,
2023-08-01T14:09:06.948852200,/project,GET,status_:200,
2023-08-01T14:09:06.956848600,/configuration/connectors,GET,status_:200,
2023-08-01T14:09:06.958855300,/project,GET,status_:200,
2023-08-01T14:11:47.143941300,/project,GET,status_:200,
2023-08-01T14:11:47.150940800,/configuration/connectors,GET,status_:200,
2023-08-01T14:11:47.155943500,/project,GET,status_:200,
2023-08-01T14:12:40.053237300,/project,GET,status_:200,
2023-08-01T14:12:40.066231800,/configuration/connectors,GET,status_:200,
2023-08-01T14:12:40.066231800,/project,GET,status_:200,
2023-08-01T14:12:47.504893400,/configuration/connectorsByProjectName,GET,status_:200,
2023-08-01T14:12:49.332620800,/configuration/connectorsByProjectName,GET,status_:200,
2023-08-01T14:12:51.185531200,/configuration/connectorsByProjectName,GET,status_:200,
2023-08-01T14:12:52.451486500,/configuration/connectorsByProjectName,GET,status_:200,
2023-08-01T14:12:55.054211,/project,GET,status_:200,
2023-08-01T14:12:55.063211400,/configuration/connectors,GET,status_:200,
2023-08-01T14:12:55.065212800,/project,GET,status_:200,
2023-08-01T14:14:11.350479300,/project,GET,status_:200,
2023-08-01T14:14:11.354479400,/configuration/connectors,GET,status_:200,
2023-08-01T14:14:11.357476,/project,GET,status_:200,
2023-08-01T14:14:13.776575700,/project,GET,status_:200,
2023-08-01T14:14:13.784576700,/configuration/connectors,GET,status_:200,
2023-08-01T14:14:13.788574900,/project,GET,status_:200,
2023-08-01T14:14:19.481905600,/project,GET,status_:200,
2023-08-01T14:14:19.489904400,/configuration/connectors,GET,status_:200,
2023-08-01T14:14:19.490906,/project,GET,status_:200,
2023-08-01T14:14:43.022076400,/project,GET,status_:200,
2023-08-01T14:14:43.031073200,/configuration/connectors,GET,status_:200,
2023-08-01T14:14:43.036076900,/project,GET,status_:200,
2023-08-01T14:14:45.406551300,/project,GET,status_:200,
2023-08-01T14:14:45.412547100,/configuration/connectors,GET,status_:200,
2023-08-01T14:14:45.416547900,/project,GET,status_:200,
2023-08-01T14:16:50.413839,/project,GET,status_:200,
2023-08-01T14:16:50.419839900,/configuration/connectors,GET,status_:200,
2023-08-01T14:16:50.423838700,/project,GET,status_:200,
2023-08-01T14:21:47.492708700,/project,GET,status_:200,
2023-08-01T14:21:47.498707700,/configuration/connectors,GET,status_:200,
2023-08-01T14:21:47.502707600,/project,GET,status_:200,
2023-08-01T14:22:12.897809300,/project,GET,status_:200,
2023-08-01T14:22:12.908803300,/configuration/connectors,GET,status_:200,
2023-08-01T14:22:12.912806200,/project,GET,status_:200,
2023-08-01T14:22:21.257691800,/project,GET,status_:200,
2023-08-01T14:22:21.263691800,/configuration/connectors,GET,status_:200,
2023-08-01T14:22:21.267690200,/project,GET,status_:200,
2023-08-01T14:22:30.530462600,/project,GET,status_:200,
2023-08-01T14:22:30.536461900,/configuration/connectors,GET,status_:200,
2023-08-01T14:22:30.541461900,/project,GET,status_:200,
2023-08-01T14:23:13.796278800,/project,GET,status_:200,
2023-08-01T14:23:13.801279700,/configuration/connectors,GET,status_:200,
2023-08-01T14:23:13.807278200,/project,GET,status_:200,
2023-08-01T14:23:15.676526400,/project,GET,status_:200,
2023-08-01T14:23:15.680527200,/configuration/connectors,GET,status_:200,
2023-08-01T14:23:15.683525800,/project,GET,status_:200,
2023-08-01T14:23:28.021737900,/project,GET,status_:200,
2023-08-01T14:23:28.028756100,/configuration/connectors,GET,status_:200,
2023-08-01T14:23:28.029739700,/project,GET,status_:200,
2023-08-01T14:23:33.913667400,/project,GET,status_:200,
2023-08-01T14:23:33.920668700,/configuration/connectors,GET,status_:200,
2023-08-01T14:23:33.922667200,/project,GET,status_:200,
2023-08-01T14:23:58.884843200,/project,GET,status_:200,
2023-08-01T14:23:58.888845100,/configuration/connectors,GET,status_:200,
2023-08-01T14:23:58.891844,/project,GET,status_:200,
2023-08-01T14:25:04.840704500,/project,GET,status_:200,
2023-08-01T14:25:04.849704200,/configuration/connectors,GET,status_:200,
2023-08-01T14:25:04.850703200,/project,GET,status_:200,
2023-08-01T14:30:00.695531300,/project,GET,status_:200,
2023-08-01T14:30:00.705533900,/project,GET,status_:200,
2023-08-01T14:30:00.707531500,/configuration/connectors,GET,status_:200,
2023-08-01T14:30:05.258349900,/project,GET,status_:200,
2023-08-01T14:30:05.264356700,/configuration/connectors,GET,status_:200,
2023-08-01T14:30:05.266351900,/project,GET,status_:200,
2023-08-01T14:31:00.572500300,/project,GET,status_:200,
2023-08-01T14:31:00.578865700,/configuration/connectors,GET,status_:200,
2023-08-01T14:31:00.579865700,/project,GET,status_:200,
2023-08-01T14:31:04.051941,/project,GET,status_:200,
2023-08-01T14:31:04.056938900,/configuration/connectors,GET,status_:200,
2023-08-01T14:31:04.058940,/project,GET,status_:200,
2023-08-01T14:31:10.682873200,/project,GET,status_:200,
2023-08-01T14:31:10.688873500,/configuration/connectors,GET,status_:200,
2023-08-01T14:31:10.688873500,/project,GET,status_:200,
2023-08-01T14:31:18.489475400,/project,GET,status_:200,
2023-08-01T14:31:18.495476800,/configuration/connectors,GET,status_:200,
2023-08-01T14:31:18.497475600,/project,GET,status_:200,
2023-08-01T14:33:14.725913300,/project,GET,status_:200,
2023-08-01T14:33:14.731910500,/configuration/connectors,GET,status_:200,
2023-08-01T14:33:14.736911800,/project,GET,status_:200,
2023-08-01T14:33:18.218160200,/project,GET,status_:200,
2023-08-01T14:33:18.222162200,/configuration/connectors,GET,status_:200,
2023-08-01T14:33:18.226163700,/project,GET,status_:200,
2023-08-01T14:34:05.131765,/project,GET,status_:200,
2023-08-01T14:34:05.136762100,/configuration/connectors,GET,status_:200,
2023-08-01T14:34:05.140764400,/project,GET,status_:200,
2023-08-01T14:34:07.299431500,/project,GET,status_:200,
2023-08-01T14:34:07.304432800,/configuration/connectors,GET,status_:200,
2023-08-01T14:34:07.306431700,/project,GET,status_:200,
2023-08-01T14:34:42.138014700,/project,GET,status_:200,
2023-08-01T14:34:42.142016200,/configuration/connectors,GET,status_:200,
2023-08-01T14:34:42.146016300,/project,GET,status_:200,
2023-08-01T14:36:21.111059700,/project,GET,status_:200,
2023-08-01T14:36:21.116056900,/configuration/connectors,GET,status_:200,
2023-08-01T14:36:21.118053400,/project,GET,status_:200,
2023-08-01T14:36:47.648232100,/project,GET,status_:200,
2023-08-01T14:36:47.654232700,/configuration/connectors,GET,status_:200,
2023-08-01T14:36:47.662232,/project,GET,status_:200,
2023-08-01T14:36:52.207799100,/project,GET,status_:200,
2023-08-01T14:36:52.212798700,/configuration/connectors,GET,status_:200,
2023-08-01T14:36:52.213799200,/project,GET,status_:200,
2023-08-01T14:36:56.428836100,/project,GET,status_:200,
2023-08-01T14:36:56.435837100,/configuration/connectors,GET,status_:200,
2023-08-01T14:36:56.437837100,/project,GET,status_:200,
2023-08-01T14:38:00.505210900,/project/projects,GET,status_:200,
2023-08-01T14:41:13.696998800,/project/projects,GET,status_:200,
2023-08-01T14:41:18.872212400,/project,GET,status_:200,
2023-08-01T14:41:18.880212600,/configuration/connectors,GET,status_:200,
2023-08-01T14:41:18.883214800,/project,GET,status_:200,
2023-08-01T14:42:35.524548200,/project,GET,status_:200,
2023-08-01T14:42:35.531542800,/configuration/connectors,GET,status_:200,
2023-08-01T14:42:35.535543900,/project,GET,status_:200,
2023-08-01T14:45:12.199582800,/project,GET,status_:200,
2023-08-01T14:45:12.204581900,/configuration/connectors,GET,status_:200,
2023-08-01T14:45:12.207582,/project,GET,status_:200,
2023-08-01T14:45:18.101444600,/project,GET,status_:200,
2023-08-01T14:45:18.107443900,/configuration/connectors,GET,status_:200,
2023-08-01T14:45:18.109444400,/project,GET,status_:200,
2023-08-01T14:46:30.541927,/project,GET,status_:200,
2023-08-01T14:46:30.547923800,/configuration/connectors,GET,status_:200,
2023-08-01T14:46:30.548925400,/project,GET,status_:200,
2023-08-01T14:47:13.122652100,/project,GET,status_:200,
2023-08-01T14:47:13.128653,/configuration/connectors,GET,status_:200,
2023-08-01T14:47:13.132655700,/project,GET,status_:200,
2023-08-01T14:47:17.690051400,/project,GET,status_:200,
2023-08-01T14:47:17.695047,/configuration/connectors,GET,status_:200,
2023-08-01T14:47:17.698049300,/project,GET,status_:200,
2023-08-01T14:47:22.953228900,/project,GET,status_:200,
2023-08-01T14:47:22.958230500,/configuration/connectors,GET,status_:200,
2023-08-01T14:47:22.961228,/project,GET,status_:200,
2023-08-01T14:47:24.922384200,/project,GET,status_:200,
2023-08-01T14:47:24.928381900,/configuration/connectors,GET,status_:200,
2023-08-01T14:47:24.930379800,/project,GET,status_:200,
2023-08-01T14:47:49.506255300,/project,GET,status_:200,
2023-08-01T14:47:49.516254400,/configuration/connectors,GET,status_:200,
2023-08-01T14:49:07.147737300,/project,GET,status_:200,
2023-08-01T14:49:07.160748800,/configuration/connectors,GET,status_:200,
2023-08-01T14:49:07.166731300,/project,GET,status_:200,
2023-08-01T14:49:49.841148900,/project,GET,status_:200,
2023-08-01T14:49:49.847149100,/configuration/connectors,GET,status_:200,
2023-08-01T14:49:49.849149200,/project,GET,status_:200,
2023-08-01T14:50:17.724353100,/configuration/connectorsByProjectName,GET,status_:200,
2023-08-01T14:50:19.972073200,/configuration/connectorsByProjectName,GET,status_:200,
2023-08-01T14:50:22.882416100,/project,GET,status_:200,
2023-08-01T14:50:22.888418800,/configuration/connectors,GET,status_:200,
2023-08-01T14:50:22.891416200,/project,GET,status_:200,
2023-08-01T14:52:57.777799300,/project/projects,GET,status_:200,
2023-08-01T14:53:00.576286900,/project,GET,status_:200,
2023-08-01T14:53:00.584288100,/configuration/connectors,GET,status_:200,
2023-08-01T14:53:00.586287900,/project,GET,status_:200,
2023-08-01T14:53:26.976932200,/project,GET,status_:200,
2023-08-01T14:53:26.982932500,/configuration/connectors,GET,status_:200,
2023-08-01T14:53:26.984932800,/project,GET,status_:200,
2023-08-01T14:53:42.468502400,/project,GET,status_:200,
2023-08-01T14:53:42.472503700,/configuration/connectors,GET,status_:200,
2023-08-01T14:53:42.476502,/project,GET,status_:200,
2023-08-01T14:54:29.667517200,/project,GET,status_:200,
2023-08-01T14:54:37.371339400,/project,GET,status_:200,
2023-08-01T14:54:37.381335600,/configuration/connectors,GET,status_:200,
2023-08-01T14:54:37.382339100,/project,GET,status_:200,
2023-08-01T14:55:51.409277200,/project,GET,status_:200,
2023-08-01T14:55:51.415276800,/configuration/connectors,GET,status_:200,
2023-08-01T14:55:51.419274400,/project,GET,status_:200,
2023-08-01T14:56:45.070918700,/project,GET,status_:200,
2023-08-01T14:56:45.078922200,/project,GET,status_:200,
2023-08-01T14:56:45.080919700,/configuration/connectors,GET,status_:200,
2023-08-01T14:57:08.828304500,/project/Formation2,GET,status_:200,
2023-08-01T14:57:08.838305300,/project/Formation2,GET,status_:200,
2023-08-01T14:57:08.848304600,/project/Formation2,GET,status_:200,
2023-08-01T14:57:08.857330500,/project/Formation2,GET,status_:200,
2023-08-01T14:57:08.872161900,/project/Formation2,GET,status_:200,
2023-08-01T14:57:20.419720,/project,GET,status_:200,
2023-08-01T14:57:20.802512100,/configuration/findById/connector1,GET,status_:200,
2023-08-01T14:57:22.620652,/project,GET,status_:200,
2023-08-01T14:57:22.635657600,/configuration/connectors,GET,status_:200,
2023-08-01T14:57:22.635657600,/project,GET,status_:200,
2023-08-01T14:59:56.813017500,/project,GET,status_:200,
2023-08-01T14:59:56.819015400,/configuration/connectors,GET,status_:200,
2023-08-01T14:59:56.822016300,/project,GET,status_:200,
2023-08-01T14:59:59.445515600,/project,GET,status_:200,
2023-08-01T14:59:59.461522500,/configuration/connectors,GET,status_:200,
2023-08-01T14:59:59.466532300,/project,GET,status_:200,
2023-08-01T15:00:10.784965200,/project,GET,status_:200,
2023-08-01T15:00:10.792965500,/configuration/connectors,GET,status_:200,
2023-08-01T15:00:10.800962700,/project,GET,status_:200,
2023-08-01T15:00:12.553278900,/project,GET,status_:200,
2023-08-01T15:00:12.558278700,/configuration/connectors,GET,status_:200,
2023-08-01T15:00:12.560276400,/project,GET,status_:200,
2023-08-01T15:00:41.201757700,/project,GET,status_:200,
2023-08-01T15:00:41.206760300,/configuration/connectors,GET,status_:200,
2023-08-01T15:00:41.209761,/project,GET,status_:200,
2023-08-01T15:01:31.969645500,/project,GET,status_:200,
2023-08-01T15:01:31.974645,/configuration/connectors,GET,status_:200,
2023-08-01T15:01:31.977642900,/project,GET,status_:200,
2023-08-01T15:01:37.825492,/project,GET,status_:200,
2023-08-01T15:01:37.830492300,/configuration/connectors,GET,status_:200,
2023-08-01T15:01:37.832494,/project,GET,status_:200,
2023-08-01T15:01:40.128379800,/project,GET,status_:200,
2023-08-01T15:01:40.133388800,/configuration/connectors,GET,status_:200,
2023-08-01T15:01:40.137382300,/project,GET,status_:200,
2023-08-01T15:01:50.969413,/project,GET,status_:200,
2023-08-01T15:01:50.972417600,/configuration/connectors,GET,status_:200,
2023-08-01T15:01:50.974413700,/project,GET,status_:200,
2023-08-01T15:02:02.665361800,/project,GET,status_:200,
2023-08-01T15:02:02.675360800,/configuration/connectors,GET,status_:200,
2023-08-01T15:02:02.675360800,/project,GET,status_:200,
2023-08-01T15:02:03.777361300,/project,GET,status_:200,
2023-08-01T15:02:03.780361900,/configuration/connectors,GET,status_:200,
2023-08-01T15:02:03.783360200,/project,GET,status_:200,
2023-08-01T15:02:07.198526300,/project,GET,status_:200,
2023-08-01T15:02:07.204528100,/configuration/connectors,GET,status_:200,
2023-08-01T15:02:07.206525400,/project,GET,status_:200,
2023-08-01T15:02:09.624453200,/project,GET,status_:200,
2023-08-01T15:02:09.631453700,/configuration/connectors,GET,status_:200,
2023-08-01T15:02:09.639453600,/project,GET,status_:200,
2023-08-01T15:02:19.106606500,/project,GET,status_:200,
2023-08-01T15:02:19.112608700,/configuration/connectors,GET,status_:200,
2023-08-01T15:02:19.115605500,/project,GET,status_:200,
2023-08-01T15:02:41.615404200,/project,GET,status_:200,
2023-08-01T15:02:41.620337100,/configuration/connectors,GET,status_:200,
2023-08-01T15:02:41.622336300,/project,GET,status_:200,
2023-08-01T15:02:46.669625800,/project,GET,status_:200,
2023-08-01T15:02:46.673623600,/configuration/connectors,GET,status_:200,
2023-08-01T15:02:46.675626,/project,GET,status_:200,
2023-08-01T15:02:52.379333400,/project,GET,status_:200,
2023-08-01T15:02:52.385330400,/configuration/connectors,GET,status_:200,
2023-08-01T15:02:52.388328800,/project,GET,status_:200,
2023-08-01T15:04:02.847364400,/project,GET,status_:200,
2023-08-01T15:04:02.851362400,/configuration/connectors,GET,status_:200,
2023-08-01T15:04:02.854364900,/project,GET,status_:200,
2023-08-01T15:04:07.116077100,/project,GET,status_:200,
2023-08-01T15:04:07.123077700,/configuration/connectors,GET,status_:200,
2023-08-01T15:04:07.128073700,/project,GET,status_:200,
2023-08-01T15:04:52.165784900,/project,GET,status_:200,
2023-08-01T15:04:52.220870100,/configurationJDBC/findById/connector112,GET,status_:200,
2023-08-01T15:04:56.073083500,/configuration/findById2/connector112,GET,status_:200,
2023-08-01T15:04:56.120229900,/squeduler/ConnectorDAOs/connector112/SquedulerDAOs,GET,status_:200,
2023-08-01T15:05:20.804445600,/squeduler/SquedulerDAOs/0,OPTIONS,status_:200,
2023-08-01T15:05:20.804445600,/ScheduleScanJDBC,OPTIONS,status_:200,
2023-08-01T15:05:20.817607300,/squeduler/ConnectorDAOs/connector112/SquedulerDAOs,GET,status_:200,
2023-08-01T15:05:20.874881100,/squeduler/SquedulerDAOs/0,PUT,status_:200,
2023-08-01T15:05:21.377933100,/ScheduleScanJDBC,POST,status_:200,
2023-08-01T15:06:00.029684600,/pushToProxem,PUT,200,x docs pushed
2023-08-01T15:06:00.457092400,/project/Formation%20keyrus,GET,status_:200,
2023-08-01T15:06:00.478406500,/project/Formation%20keyrus,GET,status_:200,
2023-08-01T15:06:00.795145800,/pushToProxem,PUT,200 OK,1 docs pushed
2023-08-01T15:07:15.314836800,/project,GET,status_:200,
2023-08-01T15:07:15.320838300,/configuration/connectors,GET,status_:200,
2023-08-01T15:07:15.322836800,/project,GET,status_:200,
2023-08-01T15:07:17.345907800,/project,GET,status_:200,
2023-08-01T15:07:17.351920400,/configurationJDBC/findById/connector112,GET,status_:200,
2023-08-01T15:07:19.385061800,/configuration/findById2/connector112,GET,status_:200,
2023-08-01T15:07:19.390056500,/squeduler/ConnectorDAOs/connector112/SquedulerDAOs,GET,status_:200,
2023-08-01T15:07:54.460133600,/project,GET,status_:200,
2023-08-01T15:07:54.468132300,/configuration/connectors,GET,status_:200,
2023-08-01T15:07:54.469129800,/project,GET,status_:200,
2023-08-01T15:07:57.395734800,/project,GET,status_:200,
2023-08-01T15:07:57.407738,/configuration/findById/connector1,GET,status_:200,
2023-08-01T15:08:00.818110300,/configuration/findById2/connector1,GET,status_:200,
2023-08-01T15:08:00.821112100,/squeduler/ConnectorDAOs/connector1/SquedulerDAOs,GET,status_:200,
2023-08-01T15:08:43.081034100,/squeduler/ConnectorDAOs/connector1/SquedulerDAOs,OPTIONS,status_:200,
2023-08-01T15:08:43.083045,/ScheduleScanCSV,OPTIONS,status_:200,
2023-08-01T15:08:43.090031300,/squeduler/ConnectorDAOs/connector1/SquedulerDAOs,GET,status_:200,
2023-08-01T15:08:43.121652700,/ScheduleScanCSV,POST,status_:200,
2023-08-01T15:08:43.152809900,/squeduler/ConnectorDAOs/connector1/SquedulerDAOs,POST,status_:201,
2023-08-01T15:08:43.165807900,/squeduler/ConnectorDAOs/connector1/SquedulerDAOs,GET,status_:200,
2023-08-01T15:09:00.070035100,/project/Formation2,GET,status_:200,
2023-08-01T15:09:00.097896500,/project/Formation2,GET,status_:200,
2023-08-01T15:09:00.120896100,/project/Formation2,GET,status_:200,
2023-08-01T15:09:00.149826800,/project/Formation2,GET,status_:200,
2023-08-01T15:09:00.179825900,/project/Formation2,GET,status_:200,
2023-08-01T15:09:01.252759,/project,GET,status_:200,
2023-08-01T15:09:01.261763800,/configuration/connectors,GET,status_:200,
2023-08-01T15:09:01.267758600,/project,GET,status_:200,
2023-08-01T15:09:02.815470,/project,GET,status_:200,
2023-08-01T15:09:02.823467600,/configuration/findById/connector1,GET,status_:200,
2023-08-01T15:09:05.917795300,/project,GET,status_:200,
2023-08-01T15:09:05.927799100,/configuration/connectors,GET,status_:200,
2023-08-01T15:09:05.928792200,/project,GET,status_:200,
2023-08-01T15:49:28.101911500,/project,GET,status_:200,
2023-08-01T15:49:28.111914,/project,GET,status_:200,
2023-08-01T15:49:28.121911700,/configuration/connectors,GET,status_:200,
2023-08-01T15:49:35.676726800,/project,GET,status_:200,
2023-08-01T15:50:07.976929500,/configuration,OPTIONS,status_:200,
2023-08-01T15:50:07.976929500,/configuration,OPTIONS,status_:200,
2023-08-01T15:50:08.078518900,/configuration,POST,status_:400,
2023-08-01T15:50:08.365518800,/project/Formation2,GET,status_:200,
2023-08-01T15:50:08.453519,/configuration,POST,status_:200,
2023-08-01T15:50:12.139385500,/project,GET,status_:200,
2023-08-01T15:50:12.159385200,/project,GET,status_:200,
2023-08-01T15:50:12.161385900,/configuration/connectors,GET,status_:200,
2023-08-01T15:50:17.829532,/project,GET,status_:200,
2023-08-01T15:50:17.848530,/configuration/findById/connector110,GET,status_:200,
2023-08-01T15:50:19.202855200,/project,GET,status_:200,
2023-08-01T15:50:19.219158900,/configuration/connectors,GET,status_:200,
2023-08-01T15:50:19.219158900,/project,GET,status_:200,
2023-08-01T15:50:21.019989,/project/Formation2,GET,status_:200,
2023-08-01T15:50:21.032003600,/project/Formation2,GET,status_:200,
2023-08-01T15:50:21.043987200,/project/Formation2,GET,status_:200,
2023-08-01T15:50:21.054988200,/project/Formation2,GET,status_:200,
2023-08-01T15:50:21.071988500,/project/Formation2,GET,status_:200,
2023-08-01T15:50:29.007840500,/configuration/connectorsByProjectName,GET,status_:200,
2023-08-01T15:50:57.786710700,/project,GET,status_:200,
2023-08-01T15:50:57.791700800,/configuration/findById/connector110,GET,status_:200,
2023-08-01T15:51:00.035917700,/project,GET,status_:200,
2023-08-01T15:51:00.048913700,/project,GET,status_:200,
2023-08-01T15:51:00.053917500,/configuration/connectors,GET,status_:200,
2023-08-01T15:51:11.635271500,/project,GET,status_:200,
2023-08-01T15:51:11.644275900,/project,GET,status_:200,
2023-08-01T15:51:11.652271800,/configuration/connectors,GET,status_:200,
2023-08-01T16:53:06.409424700,/project,GET,status_:200,
2023-08-01T16:53:06.419425500,/project,GET,status_:200,
2023-08-01T16:53:06.427437700,/configuration/connectors,GET,status_:200,
2023-08-01T17:08:16.795087500,/project/projects,GET,status_:200,
2023-08-01T17:08:18.360367400,/project,GET,status_:200,
2023-08-01T17:08:18.373368200,/project,GET,status_:200,
2023-08-01T17:08:18.375369900,/configuration/connectors,GET,status_:200,
2023-08-01T17:09:35.034133300,/project,GET,status_:200,
2023-08-01T17:09:35.043130200,/project,GET,status_:200,
2023-08-01T17:09:35.050130600,/configuration/connectors,GET,status_:200,
